fecha,fecha_predicha,departamento,target,prediccion,error,error_abs,horizonte,meses_horizonte
2024-01-01,2025-01-01,AMAZONAS,666.0,678.9035,-12.90350341796875,12.90350341796875,h12,12
2024-02-01,2025-02-01,AMAZONAS,683.0,714.1396,-31.13958740234375,31.13958740234375,h12,12
2024-03-01,2025-03-01,AMAZONAS,489.0,719.8837,-230.88372802734375,230.88372802734375,h12,12
2024-04-01,2025-04-01,AMAZONAS,638.0,606.85565,31.14434814453125,31.14434814453125,h12,12
2024-05-01,2025-05-01,AMAZONAS,656.0,825.4491,-169.4490966796875,169.4490966796875,h12,12
2024-06-01,2025-06-01,AMAZONAS,645.0,610.9662,34.0338134765625,34.0338134765625,h12,12
2024-07-01,2025-07-01,AMAZONAS,1196.0,1005.4783,190.521728515625,190.521728515625,h12,12
2024-08-01,2025-08-01,AMAZONAS,902.0,596.23,305.77001953125,305.77001953125,h12,12
2024-09-01,2025-09-01,AMAZONAS,523.0,620.55884,-97.558837890625,97.558837890625,h12,12
2024-01-01,2025-01-01,ANTIOQUIA,14004.848,16075.475,-2070.626609375,2070.626609375,h12,12
2024-02-01,2025-02-01,ANTIOQUIA,13308.706,15717.815,-2409.1094296875,2409.1094296875,h12,12
2024-03-01,2025-03-01,ANTIOQUIA,14763.29,15855.774,-1092.4844140624991,1092.4844140624991,h12,12
2024-04-01,2025-04-01,ANTIOQUIA,13055.229,16654.22,-3598.9917031250006,3598.9917031250006,h12,12
2024-05-01,2025-05-01,ANTIOQUIA,15429.355,16804.352,-1374.9965625000004,1374.9965625000004,h12,12
2024-06-01,2025-06-01,ANTIOQUIA,15162.51,16806.938,-1644.4274999999998,1644.4274999999998,h12,12
2024-07-01,2025-07-01,ANTIOQUIA,17020.406,17424.18,-403.77368750000096,403.77368750000096,h12,12
2024-08-01,2025-08-01,ANTIOQUIA,13670.263,16908.74,-3238.477234374999,3238.477234374999,h12,12
2024-09-01,2025-09-01,ANTIOQUIA,12567.304,16366.152,-3798.84834375,3798.84834375,h12,12
2024-01-01,2025-01-01,ARAUCA,102.0,111.19198,-9.191978454589844,9.191978454589844,h12,12
2024-02-01,2025-02-01,ARAUCA,107.0,120.99433,-13.994331359863281,13.994331359863281,h12,12
2024-03-01,2025-03-01,ARAUCA,85.0,132.51833,-47.51832580566406,47.51832580566406,h12,12
2024-04-01,2025-04-01,ARAUCA,95.0,124.93464,-29.93463897705078,29.93463897705078,h12,12
2024-05-01,2025-05-01,ARAUCA,63.0,133.35753,-70.35752868652344,70.35752868652344,h12,12
2024-06-01,2025-06-01,ARAUCA,80.0,122.77867,-42.77867126464844,42.77867126464844,h12,12
2024-07-01,2025-07-01,ARAUCA,78.0,145.98357,-67.98356628417969,67.98356628417969,h12,12
2024-08-01,2025-08-01,ARAUCA,85.0,128.0652,-43.06520080566406,43.06520080566406,h12,12
2024-09-01,2025-09-01,ARAUCA,86.0,140.5266,-54.52659606933594,54.52659606933594,h12,12
2024-01-01,2025-01-01,ATLANTICO,4712.804,5965.899,-1253.09492578125,1253.09492578125,h12,12
2024-02-01,2025-02-01,ATLANTICO,5991.48,6069.735,-78.25486328125044,78.25486328125044,h12,12
2024-03-01,2025-03-01,ATLANTICO,4713.423,6107.613,-1394.1897929687502,1394.1897929687502,h12,12
2024-04-01,2025-04-01,ATLANTICO,3902.756,5907.4834,-2004.7273984375001,2004.7273984375001,h12,12
2024-05-01,2025-05-01,ATLANTICO,3674.134,5813.484,-2139.34988671875,2139.34988671875,h12,12
2024-06-01,2025-06-01,ATLANTICO,4930.079,5939.671,-1009.5918984375003,1009.5918984375003,h12,12
2024-07-01,2025-07-01,ATLANTICO,4840.081,5777.3716,-937.2905820312499,937.2905820312499,h12,12
2024-08-01,2025-08-01,ATLANTICO,5148.363,5652.0166,-503.6536015624997,503.6536015624997,h12,12
2024-09-01,2025-09-01,ATLANTICO,3984.588,6064.697,-2080.10877734375,2080.10877734375,h12,12
2024-01-01,2025-01-01,BOGOTA D.C.,14630.587,12748.325,1882.2618046874995,1882.2618046874995,h12,12
2024-02-01,2025-02-01,BOGOTA D.C.,13839.518,12810.197,1029.320734375,1029.320734375,h12,12
2024-03-01,2025-03-01,BOGOTA D.C.,14612.969,12434.4375,2178.531499999999,2178.531499999999,h12,12
2024-04-01,2025-04-01,BOGOTA D.C.,12898.67,12278.549,620.1211718750001,620.1211718750001,h12,12
2024-05-01,2025-05-01,BOGOTA D.C.,12805.82,12171.21,634.6100390624997,634.6100390624997,h12,12
2024-06-01,2025-06-01,BOGOTA D.C.,12749.195,12160.425,588.7701953124997,588.7701953124997,h12,12
2024-07-01,2025-07-01,BOGOTA D.C.,13926.205,12383.423,1542.7821484375,1542.7821484375,h12,12
2024-08-01,2025-08-01,BOGOTA D.C.,13697.02,12827.909,869.1108203125004,869.1108203125004,h12,12
2024-09-01,2025-09-01,BOGOTA D.C.,12840.289,12438.97,401.31927343750067,401.31927343750067,h12,12
2024-01-01,2025-01-01,BOLIVAR,12123.907,11060.775,1063.1316093749992,1063.1316093749992,h12,12
2024-02-01,2025-02-01,BOLIVAR,11315.376,10539.82,775.5556875000002,775.5556875000002,h12,12
2024-03-01,2025-03-01,BOLIVAR,11889.379,11470.626,418.7530234375008,418.7530234375008,h12,12
2024-04-01,2025-04-01,BOLIVAR,8128.382,11056.146,-2927.7644843750004,2927.7644843750004,h12,12
2024-05-01,2025-05-01,BOLIVAR,9072.283,10804.811,-1732.5275468750006,1732.5275468750006,h12,12
2024-06-01,2025-06-01,BOLIVAR,9633.944,11583.116,-1949.1722109375005,1949.1722109375005,h12,12
2024-07-01,2025-07-01,BOLIVAR,7547.281,11439.41,-3892.12915625,3892.12915625,h12,12
2024-08-01,2025-08-01,BOLIVAR,8433.849,10960.943,-2527.094359375,2527.094359375,h12,12
2024-09-01,2025-09-01,BOLIVAR,8240.879,11492.116,-3251.237210937499,3251.237210937499,h12,12
2024-01-01,2025-01-01,BOYACA,787.0,988.0347,-201.03472900390625,201.03472900390625,h12,12
2024-02-01,2025-02-01,BOYACA,788.0,916.7047,-128.7047119140625,128.7047119140625,h12,12
2024-03-01,2025-03-01,BOYACA,646.0,976.0582,-330.0582275390625,330.0582275390625,h12,12
2024-04-01,2025-04-01,BOYACA,634.0,982.6784,-348.67840576171875,348.67840576171875,h12,12
2024-05-01,2025-05-01,BOYACA,708.0,919.7769,-211.77691650390625,211.77691650390625,h12,12
2024-06-01,2025-06-01,BOYACA,736.0,1015.90234,-279.90234375,279.90234375,h12,12
2024-07-01,2025-07-01,BOYACA,1150.0,1277.2434,-127.243408203125,127.243408203125,h12,12
2024-08-01,2025-08-01,BOYACA,875.0,934.5469,-59.546875,59.546875,h12,12
2024-09-01,2025-09-01,BOYACA,797.0,908.1362,-111.13623046875,111.13623046875,h12,12
2024-01-01,2025-01-01,CALDAS,1265.0,1285.3074,-20.307373046875,20.307373046875,h12,12
2024-02-01,2025-02-01,CALDAS,827.0,887.26013,-60.2601318359375,60.2601318359375,h12,12
2024-03-01,2025-03-01,CALDAS,865.0,990.5776,-125.57757568359375,125.57757568359375,h12,12
2024-04-01,2025-04-01,CALDAS,984.0,805.49207,178.5079345703125,178.5079345703125,h12,12
2024-05-01,2025-05-01,CALDAS,975.0,970.60364,4.3963623046875,4.3963623046875,h12,12
2024-06-01,2025-06-01,CALDAS,1198.0,1134.365,63.635009765625,63.635009765625,h12,12
2024-07-01,2025-07-01,CALDAS,1388.0,1410.8401,-22.840087890625,22.840087890625,h12,12
2024-08-01,2025-08-01,CALDAS,1308.0,966.7309,341.26910400390625,341.26910400390625,h12,12
2024-09-01,2025-09-01,CALDAS,1093.0,982.1969,110.8031005859375,110.8031005859375,h12,12
2024-01-01,2025-01-01,CAQUETA,137.0,141.98547,-4.9854736328125,4.9854736328125,h12,12
2024-02-01,2025-02-01,CAQUETA,124.0,150.50766,-26.507659912109375,26.507659912109375,h12,12
2024-03-01,2025-03-01,CAQUETA,126.0,214.9542,-88.95419311523438,88.95419311523438,h12,12
2024-04-01,2025-04-01,CAQUETA,120.0,161.91095,-41.91094970703125,41.91094970703125,h12,12
2024-05-01,2025-05-01,CAQUETA,57.0,152.27188,-95.27188110351562,95.27188110351562,h12,12
2024-06-01,2025-06-01,CAQUETA,134.0,161.09729,-27.0972900390625,27.0972900390625,h12,12
2024-07-01,2025-07-01,CAQUETA,134.0,165.59782,-31.597824096679688,31.597824096679688,h12,12
2024-08-01,2025-08-01,CAQUETA,97.0,160.17493,-63.1749267578125,63.1749267578125,h12,12
2024-09-01,2025-09-01,CAQUETA,94.0,181.34985,-87.349853515625,87.349853515625,h12,12
2024-01-01,2025-01-01,CASANARE,220.0,197.12996,22.870040893554688,22.870040893554688,h12,12
2024-02-01,2025-02-01,CASANARE,146.0,161.98155,-15.981552124023438,15.981552124023438,h12,12
2024-03-01,2025-03-01,CASANARE,149.0,179.86258,-30.862579345703125,30.862579345703125,h12,12
2024-04-01,2025-04-01,CASANARE,146.0,155.86832,-9.868316650390625,9.868316650390625,h12,12
2024-05-01,2025-05-01,CASANARE,100.0,159.7599,-59.75990295410156,59.75990295410156,h12,12
2024-06-01,2025-06-01,CASANARE,101.0,169.47954,-68.47953796386719,68.47953796386719,h12,12
2024-07-01,2025-07-01,CASANARE,171.0,179.81789,-8.817886352539062,8.817886352539062,h12,12
2024-08-01,2025-08-01,CASANARE,157.0,186.67975,-29.67974853515625,29.67974853515625,h12,12
2024-09-01,2025-09-01,CASANARE,103.0,191.18053,-88.18052673339844,88.18052673339844,h12,12
2024-01-01,2025-01-01,CAUCA,523.0,436.8515,86.14849853515625,86.14849853515625,h12,12
2024-02-01,2025-02-01,CAUCA,383.0,392.1253,-9.12530517578125,9.12530517578125,h12,12
2024-03-01,2025-03-01,CAUCA,404.0,518.53876,-114.53875732421875,114.53875732421875,h12,12
2024-04-01,2025-04-01,CAUCA,518.0,350.08456,167.91543579101562,167.91543579101562,h12,12
2024-05-01,2025-05-01,CAUCA,375.0,349.14417,25.8558349609375,25.8558349609375,h12,12
2024-06-01,2025-06-01,CAUCA,544.0,550.10284,-6.10284423828125,6.10284423828125,h12,12
2024-07-01,2025-07-01,CAUCA,571.0,513.45795,57.54205322265625,57.54205322265625,h12,12
2024-08-01,2025-08-01,CAUCA,642.0,508.41052,133.5894775390625,133.5894775390625,h12,12
2024-09-01,2025-09-01,CAUCA,399.0,377.24805,21.751953125,21.751953125,h12,12
2024-01-01,2025-01-01,CESAR,391.0,333.96692,57.0330810546875,57.0330810546875,h12,12
2024-02-01,2025-02-01,CESAR,357.0,303.18884,53.8111572265625,53.8111572265625,h12,12
2024-03-01,2025-03-01,CESAR,342.0,348.8927,-6.8927001953125,6.8927001953125,h12,12
2024-04-01,2025-04-01,CESAR,793.0,415.38712,377.6128845214844,377.6128845214844,h12,12
2024-05-01,2025-05-01,CESAR,707.0,417.5373,289.46270751953125,289.46270751953125,h12,12
2024-06-01,2025-06-01,CESAR,472.0,339.62283,132.37716674804688,132.37716674804688,h12,12
2024-07-01,2025-07-01,CESAR,456.0,380.06784,75.93215942382812,75.93215942382812,h12,12
2024-08-01,2025-08-01,CESAR,520.0,359.01923,160.98077392578125,160.98077392578125,h12,12
2024-09-01,2025-09-01,CESAR,342.0,355.86996,-13.869964599609375,13.869964599609375,h12,12
2024-01-01,2025-01-01,CHOCO,329.0,123.37296,205.62703704833984,205.62703704833984,h12,12
2024-02-01,2025-02-01,CHOCO,296.0,177.99971,118.00028991699219,118.00028991699219,h12,12
2024-03-01,2025-03-01,CHOCO,304.0,202.37819,101.62181091308594,101.62181091308594,h12,12
2024-04-01,2025-04-01,CHOCO,280.0,222.02989,57.97010803222656,57.97010803222656,h12,12
2024-05-01,2025-05-01,CHOCO,293.0,222.56238,70.4376220703125,70.4376220703125,h12,12
2024-06-01,2025-06-01,CHOCO,278.0,225.11739,52.88261413574219,52.88261413574219,h12,12
2024-07-01,2025-07-01,CHOCO,185.0,318.87152,-133.87152099609375,133.87152099609375,h12,12
2024-08-01,2025-08-01,CHOCO,327.0,428.98553,-101.98553466796875,101.98553466796875,h12,12
2024-09-01,2025-09-01,CHOCO,213.0,217.60332,-4.6033172607421875,4.6033172607421875,h12,12
2024-01-01,2025-01-01,CORDOBA,340.0,318.57462,21.425384521484375,21.425384521484375,h12,12
2024-02-01,2025-02-01,CORDOBA,373.0,290.1945,82.80551147460938,82.80551147460938,h12,12
2024-03-01,2025-03-01,CORDOBA,786.0,424.1366,361.8634033203125,361.8634033203125,h12,12
2024-04-01,2025-04-01,CORDOBA,328.0,335.5081,-7.508087158203125,7.508087158203125,h12,12
2024-05-01,2025-05-01,CORDOBA,649.0,293.07144,355.9285583496094,355.9285583496094,h12,12
2024-06-01,2025-06-01,CORDOBA,870.0,489.6853,380.314697265625,380.314697265625,h12,12
2024-07-01,2025-07-01,CORDOBA,479.0,390.16058,88.83941650390625,88.83941650390625,h12,12
2024-08-01,2025-08-01,CORDOBA,448.0,342.14215,105.85784912109375,105.85784912109375,h12,12
2024-09-01,2025-09-01,CORDOBA,324.0,371.78665,-47.786651611328125,47.786651611328125,h12,12
2024-01-01,2025-01-01,CUNDINAMARCA,2394.0,2423.0593,-29.059326171875,29.059326171875,h12,12
2024-02-01,2025-02-01,CUNDINAMARCA,2370.0,2414.5745,-44.574462890625,44.574462890625,h12,12
2024-03-01,2025-03-01,CUNDINAMARCA,2227.0,2492.954,-265.9541015625,265.9541015625,h12,12
2024-04-01,2025-04-01,CUNDINAMARCA,2650.0,2519.7612,130.23876953125,130.23876953125,h12,12
2024-05-01,2025-05-01,CUNDINAMARCA,2814.0,2492.1494,321.8505859375,321.8505859375,h12,12
2024-06-01,2025-06-01,CUNDINAMARCA,2891.0,2669.703,221.297119140625,221.297119140625,h12,12
2024-07-01,2025-07-01,CUNDINAMARCA,3455.0,2543.812,911.18798828125,911.18798828125,h12,12
2024-08-01,2025-08-01,CUNDINAMARCA,3298.0,2461.0647,836.935302734375,836.935302734375,h12,12
2024-09-01,2025-09-01,CUNDINAMARCA,2088.0,2311.6067,-223.606689453125,223.606689453125,h12,12
2024-01-01,2025-01-01,GUAINIA,16.0,0.78627944,15.213720560073853,15.213720560073853,h12,12
2024-02-01,2025-02-01,GUAINIA,20.0,19.396873,0.6031265258789062,0.6031265258789062,h12,12
2024-03-01,2025-03-01,GUAINIA,18.0,16.948233,1.051767349243164,1.051767349243164,h12,12
2024-04-01,2025-04-01,GUAINIA,12.0,19.117104,-7.117103576660156,7.117103576660156,h12,12
2024-05-01,2025-05-01,GUAINIA,9.0,19.78243,-10.782430648803711,10.782430648803711,h12,12
2024-06-01,2025-06-01,GUAINIA,6.0,8.309548,-2.3095483779907227,2.3095483779907227,h12,12
2024-07-01,2025-07-01,GUAINIA,7.0,33.426548,-26.42654800415039,26.42654800415039,h12,12
2024-08-01,2025-08-01,GUAINIA,19.0,10.872421,8.127578735351562,8.127578735351562,h12,12
2024-09-01,2025-09-01,GUAINIA,7.0,31.12043,-24.12042999267578,24.12042999267578,h12,12
2024-01-01,2025-01-01,GUAVIARE,12.0,0.0,12.0,12.0,h12,12
2024-02-01,2025-02-01,GUAVIARE,7.0,4.42603,2.573969841003418,2.573969841003418,h12,12
2024-03-01,2025-03-01,GUAVIARE,16.0,1.3901234,14.60987663269043,14.60987663269043,h12,12
2024-04-01,2025-04-01,GUAVIARE,5.0,3.0111973,1.9888026714324951,1.9888026714324951,h12,12
2024-05-01,2025-05-01,GUAVIARE,10.0,6.348363,3.651637077331543,3.651637077331543,h12,12
2024-06-01,2025-06-01,GUAVIARE,11.0,1.1394043,9.860595703125,9.860595703125,h12,12
2024-07-01,2025-07-01,GUAVIARE,9.0,15.593488,-6.593487739562988,6.593487739562988,h12,12
2024-08-01,2025-08-01,GUAVIARE,14.0,0.0,14.0,14.0,h12,12
2024-09-01,2025-09-01,GUAVIARE,9.0,40.883656,-31.883655548095703,31.883655548095703,h12,12
2024-01-01,2025-01-01,HUILA,426.0,460.91913,-34.91912841796875,34.91912841796875,h12,12
2024-02-01,2025-02-01,HUILA,415.0,474.92307,-59.923065185546875,59.923065185546875,h12,12
2024-03-01,2025-03-01,HUILA,441.0,457.86038,-16.860382080078125,16.860382080078125,h12,12
2024-04-01,2025-04-01,HUILA,416.0,371.85474,44.145263671875,44.145263671875,h12,12
2024-05-01,2025-05-01,HUILA,400.0,392.35797,7.64202880859375,7.64202880859375,h12,12
2024-06-01,2025-06-01,HUILA,945.0,721.44415,223.55584716796875,223.55584716796875,h12,12
2024-07-01,2025-07-01,HUILA,578.0,626.3327,-48.33270263671875,48.33270263671875,h12,12
2024-08-01,2025-08-01,HUILA,519.0,487.6432,31.3568115234375,31.3568115234375,h12,12
2024-09-01,2025-09-01,HUILA,415.0,349.58743,65.41256713867188,65.41256713867188,h12,12
2024-01-01,2025-01-01,LA GUAJIRA,1039.0,671.37787,367.62213134765625,367.62213134765625,h12,12
2024-02-01,2025-02-01,LA GUAJIRA,1045.0,547.4167,497.58331298828125,497.58331298828125,h12,12
2024-03-01,2025-03-01,LA GUAJIRA,1184.0,651.7727,532.227294921875,532.227294921875,h12,12
2024-04-01,2025-04-01,LA GUAJIRA,1076.0,645.7949,430.205078125,430.205078125,h12,12
2024-05-01,2025-05-01,LA GUAJIRA,1070.0,658.5706,411.42938232421875,411.42938232421875,h12,12
2024-06-01,2025-06-01,LA GUAJIRA,1178.0,750.75525,427.2447509765625,427.2447509765625,h12,12
2024-07-01,2025-07-01,LA GUAJIRA,1163.0,856.30054,306.699462890625,306.699462890625,h12,12
2024-08-01,2025-08-01,LA GUAJIRA,1195.0,787.9758,407.024169921875,407.024169921875,h12,12
2024-09-01,2025-09-01,LA GUAJIRA,979.0,837.3791,141.62091064453125,141.62091064453125,h12,12
2024-01-01,2025-01-01,MAGDALENA,5346.095,4317.374,1028.7209765625003,1028.7209765625003,h12,12
2024-02-01,2025-02-01,MAGDALENA,5373.46,4639.0894,734.37064453125,734.37064453125,h12,12
2024-03-01,2025-03-01,MAGDALENA,5346.472,4476.4004,870.0716093749998,870.0716093749998,h12,12
2024-04-01,2025-04-01,MAGDALENA,4382.336,4239.7646,142.57135156250024,142.57135156250024,h12,12
2024-05-01,2025-05-01,MAGDALENA,4315.073,4041.8875,273.1855488281253,273.1855488281253,h12,12
2024-06-01,2025-06-01,MAGDALENA,3618.147,3596.2097,21.937283203124935,21.937283203124935,h12,12
2024-07-01,2025-07-01,MAGDALENA,5007.399,4383.1064,624.2925546875003,624.2925546875003,h12,12
2024-08-01,2025-08-01,MAGDALENA,4618.259,4820.002,-201.74295312499999,201.74295312499999,h12,12
2024-09-01,2025-09-01,MAGDALENA,4449.0,5236.0854,-787.08544921875,787.08544921875,h12,12
2024-01-01,2025-01-01,META,824.0,692.1837,131.8162841796875,131.8162841796875,h12,12
2024-02-01,2025-02-01,META,640.0,647.9765,-7.97650146484375,7.97650146484375,h12,12
2024-03-01,2025-03-01,META,590.0,631.5446,-41.54461669921875,41.54461669921875,h12,12
2024-04-01,2025-04-01,META,535.0,598.3831,-63.38311767578125,63.38311767578125,h12,12
2024-05-01,2025-05-01,META,585.0,642.311,-57.31097412109375,57.31097412109375,h12,12
2024-06-01,2025-06-01,META,674.0,605.85254,68.1474609375,68.1474609375,h12,12
2024-07-01,2025-07-01,META,927.0,671.4048,255.59521484375,255.59521484375,h12,12
2024-08-01,2025-08-01,META,836.0,599.19257,236.80743408203125,236.80743408203125,h12,12
2024-09-01,2025-09-01,META,586.0,629.8883,-43.8883056640625,43.8883056640625,h12,12
2024-01-01,2025-01-01,NARINO,1538.0,982.99365,555.00634765625,555.00634765625,h12,12
2024-02-01,2025-02-01,NARINO,1128.0,843.90234,284.09765625,284.09765625,h12,12
2024-03-01,2025-03-01,NARINO,1241.0,882.7922,358.20782470703125,358.20782470703125,h12,12
2024-04-01,2025-04-01,NARINO,1027.0,848.1885,178.8115234375,178.8115234375,h12,12
2024-05-01,2025-05-01,NARINO,1030.0,859.28735,170.712646484375,170.712646484375,h12,12
2024-06-01,2025-06-01,NARINO,1056.0,944.3031,111.6968994140625,111.6968994140625,h12,12
2024-07-01,2025-07-01,NARINO,1581.0,1354.0347,226.96533203125,226.96533203125,h12,12
2024-08-01,2025-08-01,NARINO,1860.0,1304.1932,555.8067626953125,555.8067626953125,h12,12
2024-09-01,2025-09-01,NARINO,1153.0,902.5187,250.4813232421875,250.4813232421875,h12,12
2024-01-01,2025-01-01,NORTE DE SANTANDER,4219.045,4302.288,-83.24308593749993,83.24308593749993,h12,12
2024-02-01,2025-02-01,NORTE DE SANTANDER,4074.677,3712.6208,362.05615039062513,362.05615039062513,h12,12
2024-03-01,2025-03-01,NORTE DE SANTANDER,3922.044,4030.866,-108.82196679687513,108.82196679687513,h12,12
2024-04-01,2025-04-01,NORTE DE SANTANDER,3927.573,3268.5315,659.0415058593749,659.0415058593749,h12,12
2024-05-01,2025-05-01,NORTE DE SANTANDER,5034.646,3379.7974,1654.8486367187497,1654.8486367187497,h12,12
2024-06-01,2025-06-01,NORTE DE SANTANDER,3242.25,3542.0906,-299.840576171875,299.840576171875,h12,12
2024-07-01,2025-07-01,NORTE DE SANTANDER,4626.791,3623.2434,1003.5475917968752,1003.5475917968752,h12,12
2024-08-01,2025-08-01,NORTE DE SANTANDER,4179.982,3623.1064,556.8755546875,556.8755546875,h12,12
2024-09-01,2025-09-01,NORTE DE SANTANDER,3761.535,3484.9414,276.59359374999985,276.59359374999985,h12,12
2024-01-01,2025-01-01,PUTUMAYO,265.0,175.3646,89.63540649414062,89.63540649414062,h12,12
2024-02-01,2025-02-01,PUTUMAYO,187.0,160.919,26.08099365234375,26.08099365234375,h12,12
2024-03-01,2025-03-01,PUTUMAYO,226.0,205.212,20.787994384765625,20.787994384765625,h12,12
2024-04-01,2025-04-01,PUTUMAYO,158.0,135.73523,22.2647705078125,22.2647705078125,h12,12
2024-05-01,2025-05-01,PUTUMAYO,113.0,118.447,-5.446998596191406,5.446998596191406,h12,12
2024-06-01,2025-06-01,PUTUMAYO,127.0,127.855606,-0.8556060791015625,0.8556060791015625,h12,12
2024-07-01,2025-07-01,PUTUMAYO,157.0,155.91524,1.0847625732421875,1.0847625732421875,h12,12
2024-08-01,2025-08-01,PUTUMAYO,185.0,165.18782,19.812179565429688,19.812179565429688,h12,12
2024-09-01,2025-09-01,PUTUMAYO,108.0,150.53069,-42.53068542480469,42.53068542480469,h12,12
2024-01-01,2025-01-01,QUINDIO,2298.0,2853.2378,-555.23779296875,555.23779296875,h12,12
2024-02-01,2025-02-01,QUINDIO,2640.0,2994.081,-354.0810546875,354.0810546875,h12,12
2024-03-01,2025-03-01,QUINDIO,2382.0,3011.1045,-629.1044921875,629.1044921875,h12,12
2024-04-01,2025-04-01,QUINDIO,2370.0,2684.7705,-314.7705078125,314.7705078125,h12,12
2024-05-01,2025-05-01,QUINDIO,2213.0,2700.489,-487.489013671875,487.489013671875,h12,12
2024-06-01,2025-06-01,QUINDIO,2806.0,2821.563,-15.56298828125,15.56298828125,h12,12
2024-07-01,2025-07-01,QUINDIO,2694.029,3599.764,-905.734916015625,905.734916015625,h12,12
2024-08-01,2025-08-01,QUINDIO,3715.0,3908.073,-193.072998046875,193.072998046875,h12,12
2024-09-01,2025-09-01,QUINDIO,2111.0,2925.1191,-814.119140625,814.119140625,h12,12
2024-01-01,2025-01-01,RISARALDA,3033.303,2725.5864,307.7165742187499,307.7165742187499,h12,12
2024-02-01,2025-02-01,RISARALDA,2812.211,2758.2434,53.967591796874785,53.967591796874785,h12,12
2024-03-01,2025-03-01,RISARALDA,2504.471,2824.636,-320.164986328125,320.164986328125,h12,12
2024-04-01,2025-04-01,RISARALDA,2779.102,2810.2205,-31.11845898437514,31.11845898437514,h12,12
2024-05-01,2025-05-01,RISARALDA,2260.278,2794.5498,-534.2718046875002,534.2718046875002,h12,12
2024-06-01,2025-06-01,RISARALDA,2915.094,2974.2837,-59.18969140624995,59.18969140624995,h12,12
2024-07-01,2025-07-01,RISARALDA,3736.376,3410.6682,325.7077871093752,325.7077871093752,h12,12
2024-08-01,2025-08-01,RISARALDA,4284.996,3929.043,355.9530312500001,355.9530312500001,h12,12
2024-09-01,2025-09-01,RISARALDA,2834.125,3015.4236,-181.298583984375,181.298583984375,h12,12
2024-01-01,2025-01-01,"SAN ANDRES, PROVIDENCIA Y SANTA CATALINA",3553.142,3443.979,109.16299609374983,109.16299609374983,h12,12
2024-02-01,2025-02-01,"SAN ANDRES, PROVIDENCIA Y SANTA CATALINA",3379.663,3575.7578,-196.0948125,196.0948125,h12,12
2024-03-01,2025-03-01,"SAN ANDRES, PROVIDENCIA Y SANTA CATALINA",4014.696,3737.8372,276.8588417968749,276.8588417968749,h12,12
2024-04-01,2025-04-01,"SAN ANDRES, PROVIDENCIA Y SANTA CATALINA",3202.526,3284.9954,-82.46936132812516,82.46936132812516,h12,12
2024-05-01,2025-05-01,"SAN ANDRES, PROVIDENCIA Y SANTA CATALINA",2945.645,3021.2754,-75.63039062500002,75.63039062500002,h12,12
2024-06-01,2025-06-01,"SAN ANDRES, PROVIDENCIA Y SANTA CATALINA",4319.86,3563.4575,756.4024804687497,756.4024804687497,h12,12
2024-07-01,2025-07-01,"SAN ANDRES, PROVIDENCIA Y SANTA CATALINA",2394.25,3715.805,-1321.554931640625,1321.554931640625,h12,12
2024-08-01,2025-08-01,"SAN ANDRES, PROVIDENCIA Y SANTA CATALINA",3820.677,4203.7427,-383.06567578124987,383.06567578124987,h12,12
2024-09-01,2025-09-01,"SAN ANDRES, PROVIDENCIA Y SANTA CATALINA",2677.491,4103.1904,-1425.6994296875,1425.6994296875,h12,12
2024-01-01,2025-01-01,SANTANDER,3036.0,2974.1045,61.8955078125,61.8955078125,h12,12
2024-02-01,2025-02-01,SANTANDER,2275.0,2751.111,-476.111083984375,476.111083984375,h12,12
2024-03-01,2025-03-01,SANTANDER,3139.0,2915.233,223.76708984375,223.76708984375,h12,12
2024-04-01,2025-04-01,SANTANDER,2682.0,3143.2056,-461.20556640625,461.20556640625,h12,12
2024-05-01,2025-05-01,SANTANDER,2682.0,2970.9983,-288.998291015625,288.998291015625,h12,12
2024-06-01,2025-06-01,SANTANDER,2284.019,3475.9485,-1191.9294863281252,1191.9294863281252,h12,12
2024-07-01,2025-07-01,SANTANDER,3517.0,3550.1008,-33.100830078125,33.100830078125,h12,12
2024-08-01,2025-08-01,SANTANDER,3067.0,3041.6277,25.372314453125,25.372314453125,h12,12
2024-09-01,2025-09-01,SANTANDER,2486.0,2936.3457,-450.345703125,450.345703125,h12,12
2024-01-01,2025-01-01,SUCRE,206.0,120.99241,85.0075912475586,85.0075912475586,h12,12
2024-02-01,2025-02-01,SUCRE,196.0,118.27631,77.72368621826172,77.72368621826172,h12,12
2024-03-01,2025-03-01,SUCRE,205.0,190.56703,14.432968139648438,14.432968139648438,h12,12
2024-04-01,2025-04-01,SUCRE,209.0,209.86142,-0.861419677734375,0.861419677734375,h12,12
2024-05-01,2025-05-01,SUCRE,192.0,133.11542,58.88458251953125,58.88458251953125,h12,12
2024-06-01,2025-06-01,SUCRE,240.0,201.31294,38.68705749511719,38.68705749511719,h12,12
2024-07-01,2025-07-01,SUCRE,297.0,226.44753,70.55247497558594,70.55247497558594,h12,12
2024-08-01,2025-08-01,SUCRE,167.0,146.50359,20.496414184570312,20.496414184570312,h12,12
2024-09-01,2025-09-01,SUCRE,155.0,232.48616,-77.48616027832031,77.48616027832031,h12,12
2024-01-01,2025-01-01,TOLIMA,799.0,1305.2572,-506.2572021484375,506.2572021484375,h12,12
2024-02-01,2025-02-01,TOLIMA,711.0,1210.6006,-499.6005859375,499.6005859375,h12,12
2024-03-01,2025-03-01,TOLIMA,685.0,1150.2799,-465.2799072265625,465.2799072265625,h12,12
2024-04-01,2025-04-01,TOLIMA,654.0,1366.6672,-712.667236328125,712.667236328125,h12,12
2024-05-01,2025-05-01,TOLIMA,768.0,1294.7802,-526.7801513671875,526.7801513671875,h12,12
2024-06-01,2025-06-01,TOLIMA,1125.0,1572.6304,-447.63037109375,447.63037109375,h12,12
2024-07-01,2025-07-01,TOLIMA,1045.0,1906.5144,-861.514404296875,861.514404296875,h12,12
2024-08-01,2025-08-01,TOLIMA,840.0,1635.014,-795.0140380859375,795.0140380859375,h12,12
2024-09-01,2025-09-01,TOLIMA,593.0,1415.8768,-822.8768310546875,822.8768310546875,h12,12
2024-01-01,2025-01-01,VALLE DEL CAUCA,11076.702,10793.298,283.4041484374993,283.4041484374993,h12,12
2024-02-01,2025-02-01,VALLE DEL CAUCA,10362.41,10098.907,263.50277343749985,263.50277343749985,h12,12
2024-03-01,2025-03-01,VALLE DEL CAUCA,9689.406,10741.329,-1051.9231015624991,1051.9231015624991,h12,12
2024-04-01,2025-04-01,VALLE DEL CAUCA,10157.752,10569.875,-412.1229999999996,412.1229999999996,h12,12
2024-05-01,2025-05-01,VALLE DEL CAUCA,10086.04,10314.857,-228.81742187499913,228.81742187499913,h12,12
2024-06-01,2025-06-01,VALLE DEL CAUCA,12455.299,11472.752,982.5470468750009,982.5470468750009,h12,12
2024-07-01,2025-07-01,VALLE DEL CAUCA,12290.725,11860.487,430.23769531250036,430.23769531250036,h12,12
2024-08-01,2025-08-01,VALLE DEL CAUCA,11516.439,12049.808,-533.3686171874997,533.3686171874997,h12,12
2024-09-01,2025-09-01,VALLE DEL CAUCA,9563.245,11068.785,-1505.5401562499992,1505.5401562499992,h12,12
2024-01-01,2025-01-01,VAUPES,5.0,0.0,5.0,5.0,h12,12
2024-02-01,2025-02-01,VAUPES,2.0,9.513302,-7.513301849365234,7.513301849365234,h12,12
2024-03-01,2025-03-01,VAUPES,2.0,12.0608015,-10.06080150604248,10.06080150604248,h12,12
2024-04-01,2025-04-01,VAUPES,0.0,0.69020355,-0.6902035474777222,0.6902035474777222,h12,12
2024-05-01,2025-05-01,VAUPES,0.0,2.0265841,-2.0265841484069824,2.0265841484069824,h12,12
2024-06-01,2025-06-01,VAUPES,9.0,4.415617,4.584383010864258,4.584383010864258,h12,12
2024-07-01,2025-07-01,VAUPES,11.0,16.150873,-5.150873184204102,5.150873184204102,h12,12
2024-08-01,2025-08-01,VAUPES,3.0,5.179873,-2.179872989654541,2.179872989654541,h12,12
2024-09-01,2025-09-01,VAUPES,0.0,21.156502,-21.15650177001953,21.15650177001953,h12,12
2024-01-01,2025-01-01,VICHADA,56.0,0.0,56.0,56.0,h12,12
2024-02-01,2025-02-01,VICHADA,38.0,10.741324,27.258675575256348,27.258675575256348,h12,12
2024-03-01,2025-03-01,VICHADA,20.0,15.969409,4.030591011047363,4.030591011047363,h12,12
2024-04-01,2025-04-01,VICHADA,18.0,15.006437,2.993562698364258,2.993562698364258,h12,12
2024-05-01,2025-05-01,VICHADA,10.0,19.943275,-9.943275451660156,9.943275451660156,h12,12
2024-06-01,2025-06-01,VICHADA,29.0,21.663332,7.336668014526367,7.336668014526367,h12,12
2024-07-01,2025-07-01,VICHADA,19.0,33.519222,-14.519222259521484,14.519222259521484,h12,12
2024-08-01,2025-08-01,VICHADA,24.0,17.548716,6.451284408569336,6.451284408569336,h12,12
2024-09-01,2025-09-01,VICHADA,30.0,24.132013,5.867986679077148,5.867986679077148,h12,12
