anio,departamento,prestadores_activos,rnt_municipios,categorias_rnt,capacidad_habitaciones,capacidad_camas,empleo_reportado_rnt
2019,AMAZONAS,262,3,9,1296.0,3102.0,819.0
2019,ANTIOQUIA,5611,112,16,49157.0,80378.0,24131.0
2019,ARAUCA,87,7,6,1183.0,1679.0,300.0
2019,ATLANTICO,773,17,13,11592.0,16200.0,8789.0
2019,BOGOTA D.C.,5219,7,15,32037.0,47151.0,39823.0
2019,BOLIVAR,5010,19,13,25549.0,45526.0,20950.0
2019,BOYACA,1698,89,14,14792.0,26405.0,3839.0
2019,CALDAS,958,27,12,7738.0,14815.0,3486.0
2019,CAQUETA,207,10,11,2202.0,2824.0,642.0
2019,CASANARE,536,16,11,7515.0,10280.0,1362.0
2019,CAUCA,374,22,11,3817.0,5638.0,1939.0
2019,CESAR,394,20,11,6371.0,9658.0,1530.0
2019,CHOCO,338,12,6,3342.0,5721.0,873.0
2019,CORDOBA,375,21,12,5795.0,8828.0,1882.0
2019,CUNDINAMARCA,2403,103,15,21011.0,39655.0,8545.0
2019,GUAINIA,31,1,3,215.0,304.0,58.0
2019,GUAVIARE,50,1,7,427.0,608.0,187.0
2019,HUILA,870,32,12,7704.0,12552.0,2532.0
2019,LA GUAJIRA,558,11,12,5032.0,9138.0,1637.0
2019,MAGDALENA,3421,15,12,18385.0,37954.0,9134.0
2019,META,1274,27,12,15135.0,24786.0,4592.0
2019,NARINO,731,26,11,10013.0,14339.0,2725.0
2019,NORTE DE SANTANDER,827,23,12,9096.0,13542.0,2109.0
2019,PUTUMAYO,299,11,8,3513.0,4254.0,786.0
2019,QUINDIO,1987,12,12,13250.0,27073.0,5363.0
2019,RISARALDA,1018,14,14,7683.0,14078.0,4174.0
2019,"SAN ANDRES, PROVIDENCIA Y SANTA CATALINA",1539,2,11,8777.0,18449.0,6348.0
2019,SANTANDER,2013,69,14,20260.0,32827.0,6966.0
2019,SUCRE,561,14,7,6807.0,16510.0,1487.0
2019,TOLIMA,1276,43,13,15003.0,28118.0,4824.0
2019,VALLE DEL CAUCA,2434,40,14,22636.0,36534.0,12979.0
2019,VAUPES,10,1,3,91.0,106.0,22.0
2019,VICHADA,65,4,4,597.0,764.0,166.0
2020,AMAZONAS,241,2,9,1211.0,2718.0,717.0
2020,ANTIOQUIA,5559,111,16,49603.0,80643.0,25819.0
2020,ARAUCA,68,5,6,952.0,1377.0,255.0
2020,ATLANTICO,692,17,14,10554.0,14710.0,7267.0
2020,BOGOTA D.C.,4508,7,16,29843.0,42412.0,37459.0
2020,BOLIVAR,4716,18,14,24948.0,44411.0,21077.0
2020,BOYACA,1558,91,15,13940.0,24592.0,3287.0
2020,CALDAS,939,27,13,7547.0,14328.0,4528.0
2020,CAQUETA,186,11,11,2048.0,2643.0,634.0
2020,CASANARE,503,14,11,7081.0,9754.0,1519.0
2020,CAUCA,357,24,13,3701.0,5609.0,1787.0
2020,CESAR,367,21,11,6104.0,9402.0,1597.0
2020,CHOCO,311,15,7,3007.0,5280.0,790.0
2020,CORDOBA,378,21,11,5512.0,8575.0,1384.0
2020,CUNDINAMARCA,2655,104,14,22605.0,41495.0,10256.0
2020,GUAINIA,36,2,3,215.0,294.0,39.0
2020,GUAVIARE,72,1,8,498.0,776.0,230.0
2020,HUILA,881,34,12,7844.0,12790.0,2341.0
2020,LA GUAJIRA,534,12,12,5075.0,9119.0,1757.0
2020,MAGDALENA,3181,15,12,16910.0,35209.0,16721.0
2020,META,1268,29,13,15179.0,24666.0,4078.0
2020,NARINO,672,23,11,9418.0,13445.0,3172.0
2020,NORTE DE SANTANDER,716,25,12,8903.0,13312.0,2248.0
2020,PUTUMAYO,313,13,8,3469.0,4155.0,905.0
2020,QUINDIO,1942,12,12,12960.0,26268.0,7157.0
2020,RISARALDA,1020,14,13,7721.0,14100.0,4001.0
2020,"SAN ANDRES, PROVIDENCIA Y SANTA CATALINA",1365,2,11,8277.0,17370.0,8829.0
2020,SANTANDER,2008,67,14,20047.0,31815.0,6862.0
2020,SUCRE,639,14,6,7204.0,17026.0,1856.0
2020,TOLIMA,1332,43,13,15020.0,27646.0,5560.0
2020,VALLE DEL CAUCA,2194,38,14,21880.0,34292.0,12579.0
2020,VAUPES,14,1,3,164.0,199.0,21.0
2020,VICHADA,69,4,5,577.0,792.0,159.0
2021,AMAZONAS,265,3,8,1317.0,2871.0,599.0
2021,ANTIOQUIA,8372,115,18,59610.0,92860.0,28217.0
2021,ARAUCA,104,7,8,1052.0,1531.0,268.0
2021,ATLANTICO,1156,19,17,12017.0,17015.0,7350.0
2021,BOGOTA D.C.,5988,7,18,32317.0,45379.0,26437.0
2021,BOLIVAR,5978,22,17,27218.0,47730.0,17210.0
2021,BOYACA,2115,98,16,15660.0,26801.0,3824.0
2021,CALDAS,1268,27,13,8718.0,15970.0,3793.0
2021,CAQUETA,245,11,11,2201.0,2832.0,628.0
2021,CASANARE,548,16,12,7497.0,10043.0,1439.0
2021,CAUCA,425,28,13,3770.0,5634.0,2471.0
2021,CESAR,405,22,13,6392.0,9717.0,1422.0
2021,CHOCO,348,15,7,3239.0,5606.0,851.0
2021,CORDOBA,501,21,13,6177.0,9586.0,1635.0
2021,CUNDINAMARCA,3815,108,15,26230.0,48014.0,9414.0
2021,GUAINIA,49,1,7,220.0,308.0,59.0
2021,GUAVIARE,112,2,9,716.0,1120.0,273.0
2021,HUILA,1092,36,13,8444.0,13420.0,5030.0
2021,LA GUAJIRA,633,11,12,5666.0,10158.0,1797.0
2021,MAGDALENA,4083,15,13,19251.0,38342.0,10423.0
2021,META,1567,29,15,16080.0,26033.0,5090.0
2021,NARINO,850,31,15,10495.0,14991.0,3854.0
2021,NORTE DE SANTANDER,886,25,14,10164.0,14861.0,2842.0
2021,PUTUMAYO,368,12,8,3788.0,4550.0,996.0
2021,QUINDIO,2209,12,13,13644.0,26848.0,7292.0
2021,RISARALDA,1279,14,15,8237.0,14562.0,3693.0
2021,"SAN ANDRES, PROVIDENCIA Y SANTA CATALINA",1636,2,13,8913.0,17675.0,7460.0
2021,SANTANDER,2505,73,15,21754.0,34707.0,8185.0
2021,SUCRE,743,17,7,7547.0,17802.0,1911.0
2021,TOLIMA,1764,43,13,16256.0,30087.0,5407.0
2021,VALLE DEL CAUCA,2877,39,16,23515.0,37346.0,11671.0
2021,VAUPES,20,2,4,179.0,234.0,56.0
2021,VICHADA,73,4,6,601.0,829.0,147.0
2022,AMAZONAS,364,4,9,1596.0,3396.0,933.0
2022,ANTIOQUIA,14347,120,19,81481.0,136035.0,39767.0
2022,ARAUCA,95,6,8,999.0,1442.0,179.0
2022,ATLANTICO,1864,18,18,14884.0,22481.0,8743.0
2022,BOGOTA D.C.,9885,7,19,46905.0,69715.0,41925.0
2022,BOLIVAR,8235,25,19,36996.0,65908.0,23398.0
2022,BOYACA,3145,103,16,19345.0,34290.0,4441.0
2022,CALDAS,1704,27,13,10426.0,19334.0,4384.0
2022,CAQUETA,283,13,11,2402.0,3178.0,553.0
2022,CASANARE,653,16,13,7748.0,10748.0,1252.0
2022,CAUCA,515,29,13,4014.0,6065.0,1625.0
2022,CESAR,630,21,14,7440.0,11491.0,1842.0
2022,CHOCO,399,17,8,3535.0,6017.0,725.0
2022,CORDOBA,737,23,14,7457.0,12108.0,2145.0
2022,CUNDINAMARCA,6198,108,19,35478.0,66985.0,12181.0
2022,GUAINIA,59,1,8,270.0,390.0,65.0
2022,GUAVIARE,153,3,9,840.0,1417.0,341.0
2022,HUILA,1510,37,15,9989.0,16229.0,26294.0
2022,LA GUAJIRA,947,13,14,7154.0,13390.0,2575.0
2022,MAGDALENA,6115,15,15,27735.0,54829.0,12453.0
2022,META,2125,29,14,17989.0,29691.0,4410.0
2022,NARINO,1173,37,15,11640.0,17656.0,2521.0
2022,NORTE DE SANTANDER,1176,30,16,11030.0,16587.0,3033.0
2022,PUTUMAYO,415,13,10,3910.0,4719.0,581.0
2022,QUINDIO,3158,12,14,16920.0,33437.0,6519.0
2022,RISARALDA,2148,14,15,11103.0,20243.0,4251.0
2022,"SAN ANDRES, PROVIDENCIA Y SANTA CATALINA",1912,2,15,10352.0,21942.0,10560.0
2022,SANTANDER,3546,75,16,25609.0,41800.0,5739.0
2022,SUCRE,984,21,8,8684.0,20995.0,2071.0
2022,TOLIMA,2773,44,14,21547.0,38050.0,4749.0
2022,VALLE DEL CAUCA,5090,41,16,31394.0,52078.0,14536.0
2022,VAUPES,31,2,5,221.0,289.0,40.0
2022,VICHADA,70,4,7,577.0,794.0,76.0
2023,AMAZONAS,439,4,9,1839.0,4302.0,1452.0
2023,ANTIOQUIA,20817,121,18,88846.0,177499.0,54588.0
2023,ARAUCA,129,6,6,1362.0,1940.0,262.0
2023,ATLANTICO,2307,17,17,14461.0,25546.0,10313.0
2023,BOGOTA D.C.,12147,7,18,44490.0,70907.0,43002.0
2023,BOLIVAR,9354,26,19,35172.0,73952.0,29387.0
2023,BOYACA,3527,107,14,18878.0,39238.0,6736.0
2023,CALDAS,2056,27,14,10618.0,21988.0,4685.0
2023,CAQUETA,337,13,12,2541.0,3419.0,800.0
2023,CASANARE,733,17,11,7959.0,11719.0,1444.0
2023,CAUCA,597,28,13,4166.0,6905.0,1642.0
2023,CESAR,666,22,14,7477.0,11885.0,1936.0
2023,CHOCO,493,20,6,4029.0,7232.0,844.0
2023,CORDOBA,850,26,12,7470.0,14024.0,2901.0
2023,CUNDINAMARCA,7132,110,15,34088.0,80697.0,15085.0
2023,GUAINIA,75,1,7,333.0,683.0,86.0
2023,GUAVIARE,193,3,9,912.0,1660.0,242.0
2023,HUILA,1840,37,15,11350.0,19940.0,5247.0
2023,LA GUAJIRA,968,14,14,8082.0,13483.0,3199.0
2023,MAGDALENA,7084,18,14,27614.0,66283.0,18981.0
2023,META,2463,29,14,19338.0,35071.0,5196.0
2023,NARINO,1322,40,15,12079.0,18643.0,4639.0
2023,NORTE DE SANTANDER,1323,29,14,11350.0,17869.0,3733.0
2023,PUTUMAYO,469,12,11,4130.0,5165.0,755.0
2023,QUINDIO,3785,12,16,17420.0,41739.0,9868.0
2023,RISARALDA,2669,14,16,11628.0,24974.0,6409.0
2023,"SAN ANDRES, PROVIDENCIA Y SANTA CATALINA",1802,2,16,9986.0,23735.0,9949.0
2023,SANTANDER,4319,78,16,26753.0,49654.0,7882.0
2023,SUCRE,1119,21,12,8805.0,22053.0,1982.0
2023,TOLIMA,3352,46,16,21540.0,45195.0,5779.0
2023,VALLE DEL CAUCA,6288,41,19,33508.0,61012.0,17175.0
2023,VAUPES,35,2,5,217.0,296.0,47.0
2023,VICHADA,79,4,6,675.0,973.0,102.0
2024,AMAZONAS,484,4,9,1880.0,4439.0,1207.0
2024,ANTIOQUIA,22682,122,18,92803.0,194008.0,50323.0
2024,ARAUCA,147,6,10,1449.0,2170.0,287.0
2024,ATLANTICO,2696,20,17,14878.0,27390.0,10520.0
2024,BOGOTA D.C.,13968,7,18,80481.0,78653.0,53661.0
2024,BOLIVAR,10819,24,19,37834.0,82127.0,31906.0
2024,BOYACA,4098,109,15,20461.0,44231.0,7155.0
2024,CALDAS,2419,27,13,11289.0,24308.0,4324.0
2024,CAQUETA,377,14,12,2545.0,3771.0,562.0
2024,CASANARE,858,17,12,8535.0,12721.0,1324.0
2024,CAUCA,727,28,13,5688.0,7836.0,1383.0
2024,CESAR,822,24,13,8743.0,13968.0,2048.0
2024,CHOCO,563,19,8,4242.0,8053.0,951.0
2024,CORDOBA,935,25,11,8014.0,15514.0,1517.0
2024,CUNDINAMARCA,8125,112,17,37221.0,88632.0,15678.0
2024,GUAINIA,98,2,8,454.0,762.0,110.0
2024,GUAVIARE,216,3,10,884.0,1557.0,273.0
2024,HUILA,2055,37,15,11143.0,21503.0,3495.0
2024,LA GUAJIRA,1005,14,13,8313.0,14115.0,3499.0
2024,MAGDALENA,7906,17,14,28131.0,71560.0,15156.0
2024,META,2733,29,15,20433.0,37720.0,3766.0
2024,NARINO,1553,43,15,12172.0,19703.0,2846.0
2024,NORTE DE SANTANDER,1441,31,14,11254.0,18298.0,3254.0
2024,PUTUMAYO,543,13,11,4392.0,5650.0,823.0
2024,QUINDIO,4258,12,15,17988.0,43693.0,7738.0
2024,RISARALDA,2966,14,17,11905.0,26877.0,5386.0
2024,"SAN ANDRES, PROVIDENCIA Y SANTA CATALINA",1793,2,14,9664.0,23644.0,8871.0
2024,SANTANDER,4738,82,16,27753.0,53487.0,7676.0
2024,SUCRE,1265,21,9,9245.0,24949.0,1951.0
2024,TOLIMA,3827,46,16,21308.0,49207.0,5340.0
2024,VALLE DEL CAUCA,7681,42,18,36315.0,71628.0,18269.0
2024,VAUPES,43,2,5,270.0,625.0,52.0
2024,VICHADA,83,4,5,695.0,1049.0,125.0
2025,AMAZONAS,518,3,11,2570.0,5944.0,1208.0
2025,ANTIOQUIA,22837,124,18,95002.0,204094.0,49839.0
2025,ARAUCA,161,6,10,1567.0,2387.0,338.0
2025,ATLANTICO,2988,19,15,16257.0,30668.0,11160.0
2025,BOGOTA D.C.,15069,7,20,83870.0,84130.0,56596.0
2025,BOLIVAR,12483,28,19,40016.0,89505.0,24310.0
2025,BOYACA,4406,111,15,21654.0,47143.0,7108.0
2025,CALDAS,2542,27,14,11920.0,25048.0,5469.0
2025,CAQUETA,414,13,11,2715.0,4062.0,705.0
2025,CASANARE,901,17,14,8376.0,13322.0,1510.0
2025,CAUCA,774,32,12,5212.0,8055.0,1449.0
2025,CESAR,949,24,16,8977.0,14984.0,2184.0
2025,CHOCO,631,17,7,4447.0,8587.0,1011.0
2025,CORDOBA,1052,25,14,8645.0,17262.0,2275.0
2025,CUNDINAMARCA,8787,113,17,39223.0,94738.0,16399.0
2025,GUAINIA,110,2,7,428.0,783.0,122.0
2025,GUAVIARE,217,3,10,937.0,1640.0,377.0
2025,HUILA,2225,37,17,11598.0,22809.0,3767.0
2025,LA GUAJIRA,1067,13,13,8131.0,14131.0,3555.0
2025,MAGDALENA,8827,19,15,29086.0,77210.0,15484.0
2025,META,2945,29,15,22395.0,41373.0,4369.0
2025,NARINO,1629,45,15,12642.0,20381.0,2967.0
2025,NORTE DE SANTANDER,1544,31,13,11516.0,19438.0,3870.0
2025,PUTUMAYO,612,13,11,4788.0,6223.0,1052.0
2025,QUINDIO,4356,12,14,17713.0,46507.0,7672.0
2025,RISARALDA,2994,14,16,12139.0,27444.0,6257.0
2025,"SAN ANDRES, PROVIDENCIA Y SANTA CATALINA",1733,2,14,9588.0,22997.0,5232.0
2025,SANTANDER,5123,83,15,28495.0,56863.0,6150.0
2025,SIN ESPECIFICAR,11,1,3,2.0,6.0,3.0
2025,SUCRE,1362,20,11,10053.0,27350.0,2682.0
2025,TOLIMA,4108,46,16,21432.0,51967.0,6283.0
2025,VALLE DEL CAUCA,7974,42,17,36823.0,74409.0,18956.0
2025,VAUPES,48,3,7,269.0,562.0,66.0
2025,VICHADA,86,4,5,702.0,1066.0,114.0
