fecha,ise,serie_ise
2005-01-01,63.950346498399455,ajustada_estacional_y_calendario
2005-02-01,64.10639146159014,ajustada_estacional_y_calendario
2005-03-01,64.0319550110954,ajustada_estacional_y_calendario
2005-04-01,64.86136761975614,ajustada_estacional_y_calendario
2005-05-01,63.94127063952501,ajustada_estacional_y_calendario
2005-06-01,64.51756981615416,ajustada_estacional_y_calendario
2005-07-01,64.00984772376037,ajustada_estacional_y_calendario
2005-08-01,65.00740927914823,ajustada_estacional_y_calendario
2005-09-01,64.86750544095845,ajustada_estacional_y_calendario
2005-10-01,64.96500980419714,ajustada_estacional_y_calendario
2005-11-01,65.26340761698121,ajustada_estacional_y_calendario
2005-12-01,66.93324067799266,ajustada_estacional_y_calendario
2006-01-01,66.66835869056096,ajustada_estacional_y_calendario
2006-02-01,67.33018467188924,ajustada_estacional_y_calendario
2006-03-01,67.8004636985527,ajustada_estacional_y_calendario
2006-04-01,67.28829507113464,ajustada_estacional_y_calendario
2006-05-01,68.17311523049462,ajustada_estacional_y_calendario
2006-06-01,67.75576093561293,ajustada_estacional_y_calendario
2006-07-01,68.56010894016428,ajustada_estacional_y_calendario
2006-08-01,69.51917928722985,ajustada_estacional_y_calendario
2006-09-01,70.19352128325937,ajustada_estacional_y_calendario
2006-10-01,70.06742882024115,ajustada_estacional_y_calendario
2006-11-01,70.863271881417,ajustada_estacional_y_calendario
2006-12-01,70.35600377061719,ajustada_estacional_y_calendario
2007-01-01,70.80448711686516,ajustada_estacional_y_calendario
2007-02-01,71.76588847073232,ajustada_estacional_y_calendario
2007-03-01,72.106168670727,ajustada_estacional_y_calendario
2007-04-01,71.33601427351556,ajustada_estacional_y_calendario
2007-05-01,72.37587648093469,ajustada_estacional_y_calendario
2007-06-01,72.80529053313532,ajustada_estacional_y_calendario
2007-07-01,72.86063764500635,ajustada_estacional_y_calendario
2007-08-01,73.76343920278352,ajustada_estacional_y_calendario
2007-09-01,74.24645577824265,ajustada_estacional_y_calendario
2007-10-01,74.52408134116513,ajustada_estacional_y_calendario
2007-11-01,75.1644716850402,ajustada_estacional_y_calendario
2007-12-01,74.83788914392684,ajustada_estacional_y_calendario
2008-01-01,75.49209514563572,ajustada_estacional_y_calendario
2008-02-01,75.55539714925872,ajustada_estacional_y_calendario
2008-03-01,74.31722475202017,ajustada_estacional_y_calendario
2008-04-01,75.39832813976612,ajustada_estacional_y_calendario
2008-05-01,74.63079330904534,ajustada_estacional_y_calendario
2008-06-01,74.95520207440958,ajustada_estacional_y_calendario
2008-07-01,76.14109616861758,ajustada_estacional_y_calendario
2008-08-01,75.83699031165256,ajustada_estacional_y_calendario
2008-09-01,76.30094571517662,ajustada_estacional_y_calendario
2008-10-01,75.92680205998913,ajustada_estacional_y_calendario
2008-11-01,74.16462150895123,ajustada_estacional_y_calendario
2008-12-01,74.98582970377969,ajustada_estacional_y_calendario
2009-01-01,74.30786205556487,ajustada_estacional_y_calendario
2009-02-01,75.74167817912381,ajustada_estacional_y_calendario
2009-03-01,75.36969772583357,ajustada_estacional_y_calendario
2009-04-01,75.99273660883615,ajustada_estacional_y_calendario
2009-05-01,75.95943075967936,ajustada_estacional_y_calendario
2009-06-01,75.77048223035325,ajustada_estacional_y_calendario
2009-07-01,77.68794285386672,ajustada_estacional_y_calendario
2009-08-01,75.95099494467364,ajustada_estacional_y_calendario
2009-09-01,76.97823646014167,ajustada_estacional_y_calendario
2009-10-01,77.22646596319774,ajustada_estacional_y_calendario
2009-11-01,77.15267001156509,ajustada_estacional_y_calendario
2009-12-01,78.36308960571542,ajustada_estacional_y_calendario
2010-01-01,77.25282058635223,ajustada_estacional_y_calendario
2010-02-01,78.40538588295665,ajustada_estacional_y_calendario
2010-03-01,78.76173805805846,ajustada_estacional_y_calendario
2010-04-01,79.24393398623353,ajustada_estacional_y_calendario
2010-05-01,79.04027838574895,ajustada_estacional_y_calendario
2010-06-01,79.27337288317527,ajustada_estacional_y_calendario
2010-07-01,79.38419843513792,ajustada_estacional_y_calendario
2010-08-01,79.40742821520665,ajustada_estacional_y_calendario
2010-09-01,80.49269880232715,ajustada_estacional_y_calendario
2010-10-01,81.08929418301636,ajustada_estacional_y_calendario
2010-11-01,81.15025168885633,ajustada_estacional_y_calendario
2010-12-01,82.71828753548864,ajustada_estacional_y_calendario
2011-01-01,82.91779504969914,ajustada_estacional_y_calendario
2011-02-01,82.99675984537596,ajustada_estacional_y_calendario
2011-03-01,83.71047568015277,ajustada_estacional_y_calendario
2011-04-01,83.83436727324575,ajustada_estacional_y_calendario
2011-05-01,84.14793882727889,ajustada_estacional_y_calendario
2011-06-01,84.40624653191647,ajustada_estacional_y_calendario
2011-07-01,84.875899142867,ajustada_estacional_y_calendario
2011-08-01,86.51389659135494,ajustada_estacional_y_calendario
2011-09-01,86.10344487421028,ajustada_estacional_y_calendario
2011-10-01,86.38653167905194,ajustada_estacional_y_calendario
2011-11-01,86.74740919829146,ajustada_estacional_y_calendario
2011-12-01,86.85076421039841,ajustada_estacional_y_calendario
2012-01-01,87.4882407072265,ajustada_estacional_y_calendario
2012-02-01,87.71503682468658,ajustada_estacional_y_calendario
2012-03-01,88.38894784878207,ajustada_estacional_y_calendario
2012-04-01,87.73647913851971,ajustada_estacional_y_calendario
2012-05-01,88.46663304784617,ajustada_estacional_y_calendario
2012-06-01,88.50170894719847,ajustada_estacional_y_calendario
2012-07-01,87.993729864065,ajustada_estacional_y_calendario
2012-08-01,86.76453898347849,ajustada_estacional_y_calendario
2012-09-01,88.56563191020767,ajustada_estacional_y_calendario
2012-10-01,88.65855602489223,ajustada_estacional_y_calendario
2012-11-01,89.32715735491831,ajustada_estacional_y_calendario
2012-12-01,89.18276036788663,ajustada_estacional_y_calendario
2013-01-01,91.31574469820433,ajustada_estacional_y_calendario
2013-02-01,90.71724335021977,ajustada_estacional_y_calendario
2013-03-01,90.35953027410658,ajustada_estacional_y_calendario
2013-04-01,92.3887599941753,ajustada_estacional_y_calendario
2013-05-01,93.06472114041617,ajustada_estacional_y_calendario
2013-06-01,92.40792898549479,ajustada_estacional_y_calendario
2013-07-01,93.98153097856347,ajustada_estacional_y_calendario
2013-08-01,92.40607949215634,ajustada_estacional_y_calendario
2013-09-01,93.79383423885707,ajustada_estacional_y_calendario
2013-10-01,94.32330684980991,ajustada_estacional_y_calendario
2013-11-01,94.78543317600148,ajustada_estacional_y_calendario
2013-12-01,95.50482986846902,ajustada_estacional_y_calendario
2014-01-01,95.72084859593915,ajustada_estacional_y_calendario
2014-02-01,97.14117915723516,ajustada_estacional_y_calendario
2014-03-01,96.0027725080068,ajustada_estacional_y_calendario
2014-04-01,96.40165064245599,ajustada_estacional_y_calendario
2014-05-01,96.20678110957127,ajustada_estacional_y_calendario
2014-06-01,95.76816240155809,ajustada_estacional_y_calendario
2014-07-01,97.02110148170394,ajustada_estacional_y_calendario
2014-08-01,96.46800049356723,ajustada_estacional_y_calendario
2014-09-01,98.24784433676327,ajustada_estacional_y_calendario
2014-10-01,98.69677330175818,ajustada_estacional_y_calendario
2014-11-01,97.58162641552276,ajustada_estacional_y_calendario
2014-12-01,98.91456774722256,ajustada_estacional_y_calendario
2015-01-01,98.8113352418538,ajustada_estacional_y_calendario
2015-02-01,99.35799044985646,ajustada_estacional_y_calendario
2015-03-01,98.83365124904573,ajustada_estacional_y_calendario
2015-04-01,99.87914986485535,ajustada_estacional_y_calendario
2015-05-01,99.70595057255565,ajustada_estacional_y_calendario
2015-06-01,99.50484990946276,ajustada_estacional_y_calendario
2015-07-01,101.30903289132446,ajustada_estacional_y_calendario
2015-08-01,99.91513388193808,ajustada_estacional_y_calendario
2015-09-01,101.04407712980566,ajustada_estacional_y_calendario
2015-10-01,101.05972747984883,ajustada_estacional_y_calendario
2015-11-01,99.91730820302428,ajustada_estacional_y_calendario
2015-12-01,100.66179312642893,ajustada_estacional_y_calendario
2016-01-01,100.88850105909766,ajustada_estacional_y_calendario
2016-02-01,102.56923906827804,ajustada_estacional_y_calendario
2016-03-01,101.71486006511306,ajustada_estacional_y_calendario
2016-04-01,101.4360628378245,ajustada_estacional_y_calendario
2016-05-01,101.8046563784321,ajustada_estacional_y_calendario
2016-06-01,101.8161981783162,ajustada_estacional_y_calendario
2016-07-01,99.67288429363097,ajustada_estacional_y_calendario
2016-08-01,103.21905857214928,ajustada_estacional_y_calendario
2016-09-01,103.65246301661134,ajustada_estacional_y_calendario
2016-10-01,102.50955901470245,ajustada_estacional_y_calendario
2016-11-01,103.12425995610988,ajustada_estacional_y_calendario
2016-12-01,103.85929454455271,ajustada_estacional_y_calendario
2017-01-01,102.4556870146442,ajustada_estacional_y_calendario
2017-02-01,103.37998832481365,ajustada_estacional_y_calendario
2017-03-01,102.5523785009166,ajustada_estacional_y_calendario
2017-04-01,102.6440122535011,ajustada_estacional_y_calendario
2017-05-01,103.21534535305477,ajustada_estacional_y_calendario
2017-06-01,104.48346769646875,ajustada_estacional_y_calendario
2017-07-01,103.08185580783682,ajustada_estacional_y_calendario
2017-08-01,104.15686810923732,ajustada_estacional_y_calendario
2017-09-01,104.21726254610422,ajustada_estacional_y_calendario
2017-10-01,103.6151707637491,ajustada_estacional_y_calendario
2017-11-01,104.01656462423503,ajustada_estacional_y_calendario
2017-12-01,105.4347051078852,ajustada_estacional_y_calendario
2018-01-01,104.09439679195,ajustada_estacional_y_calendario
2018-02-01,105.02472755256905,ajustada_estacional_y_calendario
2018-03-01,105.80990798872627,ajustada_estacional_y_calendario
2018-04-01,105.03599280262645,ajustada_estacional_y_calendario
2018-05-01,105.59608997553799,ajustada_estacional_y_calendario
2018-06-01,106.21530166184327,ajustada_estacional_y_calendario
2018-07-01,105.99133102400612,ajustada_estacional_y_calendario
2018-08-01,107.53365298480095,ajustada_estacional_y_calendario
2018-09-01,107.12968762641944,ajustada_estacional_y_calendario
2018-10-01,107.26557240906548,ajustada_estacional_y_calendario
2018-11-01,107.55321514308855,ajustada_estacional_y_calendario
2018-12-01,107.26729825087746,ajustada_estacional_y_calendario
2019-01-01,107.91044111623897,ajustada_estacional_y_calendario
2019-02-01,108.8728535812209,ajustada_estacional_y_calendario
2019-03-01,107.50670669146002,ajustada_estacional_y_calendario
2019-04-01,108.97382426509658,ajustada_estacional_y_calendario
2019-05-01,110.02115187983689,ajustada_estacional_y_calendario
2019-06-01,108.83693482124966,ajustada_estacional_y_calendario
2019-07-01,110.46975860361437,ajustada_estacional_y_calendario
2019-08-01,110.46033307448869,ajustada_estacional_y_calendario
2019-09-01,109.52167082277262,ajustada_estacional_y_calendario
2019-10-01,110.54012570246216,ajustada_estacional_y_calendario
2019-11-01,110.04587487213469,ajustada_estacional_y_calendario
2019-12-01,110.46156247054736,ajustada_estacional_y_calendario
2020-01-01,111.566809096874,ajustada_estacional_y_calendario
2020-02-01,111.76581199979006,ajustada_estacional_y_calendario
2020-03-01,100.72289550534622,ajustada_estacional_y_calendario
2020-04-01,86.8639942210713,ajustada_estacional_y_calendario
2020-05-01,90.90201294320373,ajustada_estacional_y_calendario
2020-06-01,95.49319728407704,ajustada_estacional_y_calendario
2020-07-01,98.84916555595854,ajustada_estacional_y_calendario
2020-08-01,99.2817256894318,ajustada_estacional_y_calendario
2020-09-01,102.78175874571502,ajustada_estacional_y_calendario
2020-10-01,105.37139635888644,ajustada_estacional_y_calendario
2020-11-01,106.07024213767717,ajustada_estacional_y_calendario
2020-12-01,108.11392726377203,ajustada_estacional_y_calendario
2021-01-01,107.65069822543798,ajustada_estacional_y_calendario
2021-02-01,109.88907136238757,ajustada_estacional_y_calendario
2021-03-01,111.86626676044791,ajustada_estacional_y_calendario
2021-04-01,108.69857011543071,ajustada_estacional_y_calendario
2021-05-01,102.81271364105271,ajustada_estacional_y_calendario
2021-06-01,110.52563329964312,ajustada_estacional_y_calendario
2021-07-01,111.93433937631593,ajustada_estacional_y_calendario
2021-08-01,110.96611813928862,ajustada_estacional_y_calendario
2021-09-01,116.73529234643635,ajustada_estacional_y_calendario
2021-10-01,115.91385167763339,ajustada_estacional_y_calendario
2021-11-01,117.18682953278608,ajustada_estacional_y_calendario
2021-12-01,119.06639297908572,ajustada_estacional_y_calendario
2022-01-01,115.87433567520759,ajustada_estacional_y_calendario
2022-02-01,117.40153189789653,ajustada_estacional_y_calendario
2022-03-01,119.46308781268407,ajustada_estacional_y_calendario
2022-04-01,119.64967600365057,ajustada_estacional_y_calendario
2022-05-01,119.80043043410879,ajustada_estacional_y_calendario
2022-06-01,119.32481181445185,ajustada_estacional_y_calendario
2022-07-01,118.53746595603721,ajustada_estacional_y_calendario
2022-08-01,120.44105084628838,ajustada_estacional_y_calendario
2022-09-01,121.73056455243858,ajustada_estacional_y_calendario
2022-10-01,120.487641032206,ajustada_estacional_y_calendario
2022-11-01,117.26918005962226,ajustada_estacional_y_calendario
2022-12-01,119.44244820610616,ajustada_estacional_y_calendario
2023-01-01,120.52266606126413,ajustada_estacional_y_calendario
2023-02-01,120.45464201850753,ajustada_estacional_y_calendario
2023-03-01,120.99054576276723,ajustada_estacional_y_calendario
2023-04-01,118.47403471861261,ajustada_estacional_y_calendario
2023-05-01,120.00431023619535,ajustada_estacional_y_calendario
2023-06-01,122.55605126897218,ajustada_estacional_y_calendario
2023-07-01,119.24242605269129,ajustada_estacional_y_calendario
2023-08-01,121.11994769235348,ajustada_estacional_y_calendario
2023-09-01,121.27866870113424,ajustada_estacional_y_calendario
2023-10-01,119.70778530306774,ajustada_estacional_y_calendario
2023-11-01,121.95662137468817,ajustada_estacional_y_calendario
2023-12-01,120.55908346319649,ajustada_estacional_y_calendario
2024-01-01,122.43012974347567,ajustada_estacional_y_calendario
2024-02-01,122.05991787278452,ajustada_estacional_y_calendario
2024-03-01,120.46362343378958,ajustada_estacional_y_calendario
2024-04-01,123.23479612063146,ajustada_estacional_y_calendario
2024-05-01,122.77610184984673,ajustada_estacional_y_calendario
2024-06-01,120.43035392529478,ajustada_estacional_y_calendario
2024-07-01,122.95507559294572,ajustada_estacional_y_calendario
2024-08-01,122.69388939624864,ajustada_estacional_y_calendario
2024-09-01,122.18050012527513,ajustada_estacional_y_calendario
2024-10-01,123.82268777522445,ajustada_estacional_y_calendario
2024-11-01,122.37822982109164,ajustada_estacional_y_calendario
2024-12-01,124.5990460927057,ajustada_estacional_y_calendario
2025-01-01,124.68410965643379,ajustada_estacional_y_calendario
2025-02-01,125.08499366555719,ajustada_estacional_y_calendario
2025-03-01,124.04977520363032,ajustada_estacional_y_calendario
2025-04-01,125.2179650339413,ajustada_estacional_y_calendario
2025-05-01,125.64804245995384,ajustada_estacional_y_calendario
2025-06-01,124.68472251156078,ajustada_estacional_y_calendario
2025-07-01,128.52610597866578,ajustada_estacional_y_calendario
2025-08-01,125.52253069029351,ajustada_estacional_y_calendario
2025-09-01,126.81950939308354,ajustada_estacional_y_calendario
2025-10-01,126.99332022220045,ajustada_estacional_y_calendario
2025-11-01,125.31706881620978,ajustada_estacional_y_calendario
2025-12-01,126.57440925173317,ajustada_estacional_y_calendario
2026-01-01,126.49015667499948,ajustada_estacional_y_calendario
